-- Adminer 4.8.1 MySQL 5.6.10 dump

SET NAMES utf8;
SET time_zone = '+00:00';
SET foreign_key_checks = 0;
SET sql_mode = 'NO_AUTO_VALUE_ON_ZERO';

DROP DATABASE IF EXISTS `library_catalog`;
CREATE DATABASE `library_catalog` /*!40100 DEFAULT CHARACTER SET latin1 */;
USE `library_catalog`;

DROP TABLE IF EXISTS `authors`;
CREATE TABLE `authors` (
                           `author_id` int(10) NOT NULL AUTO_INCREMENT,
                           `author_name` varchar(100) NOT NULL,
                           PRIMARY KEY (`author_id`)
) ENGINE=InnoDB AUTO_INCREMENT=21 DEFAULT CHARSET=latin1;

INSERT INTO `authors` (`author_id`, `author_name`) VALUES
                                                       (1,	'Lorri Cullon'),
                                                       (2,	'Gardy Pingstone'),
                                                       (3,	'Kristina Dewi'),
                                                       (4,	'Tiff Hedworth'),
                                                       (5,	'Karin Letts'),
                                                       (6,	'Roze Dofty'),
                                                       (7,	'Carmencita Dudman'),
                                                       (8,	'Bartholomeo Jantot'),
                                                       (9,	'Nevsa Gouda'),
                                                       (10,	'Jeri Issit'),
                                                       (11,	'Chaddy Laister'),
                                                       (12,	'Shermie Redihough'),
                                                       (13,	'Josias Merriton'),
                                                       (14,	'Josselyn Inston'),
                                                       (15,	'Alysa Pitkethly'),
                                                       (16,	'Jeramie Gurdon'),
                                                       (17,	'Jaclin Maxwell'),
                                                       (18,	'Perceval Rosa'),
                                                       (19,	'Dene Wogdon'),
                                                       (20,	'Gerek Tebbett');

DROP TABLE IF EXISTS `books`;
CREATE TABLE `books` (
                         `book_id` int(10) NOT NULL AUTO_INCREMENT,
                         `topic_id` int(10) NOT NULL,
                         `book_name` varchar(100) NOT NULL,
                         `author_id` int(10) NOT NULL,
                         `is_available` tinyint(1) NOT NULL,
                         PRIMARY KEY (`book_id`),
                         KEY `topic_id` (`topic_id`),
                         KEY `author_id` (`author_id`),
                         CONSTRAINT `books_ibfk_1` FOREIGN KEY (`topic_id`) REFERENCES `topics` (`topic_id`),
                         CONSTRAINT `books_ibfk_2` FOREIGN KEY (`author_id`) REFERENCES `authors` (`author_id`)
) ENGINE=InnoDB AUTO_INCREMENT=201 DEFAULT CHARSET=latin1;

INSERT INTO `books` (`book_id`, `topic_id`, `book_name`, `author_id`, `is_available`) VALUES
                                                                                          (1,	6,	'Rat Race',	17,	0),
                                                                                          (2,	2,	'Blondie on a Budget',	6,	0),
                                                                                          (3,	1,	'Retribution (Sakebi)',	7,	0),
                                                                                          (4,	9,	'The Man From The Alamo',	20,	1),
                                                                                          (5,	2,	'Clapham Junction',	14,	1),
                                                                                          (6,	3,	'Two English Girls (Les deux anglaises et le continent)',	2,	1),
                                                                                          (7,	10,	'Jungle Fighters',	4,	1),
                                                                                          (8,	5,	'Man Who Saw Tomorrow, The',	5,	1),
                                                                                          (9,	4,	'Pyramid, The',	3,	1),
                                                                                          (10,	9,	'Portrait Werner Herzog',	17,	1),
                                                                                          (11,	4,	'Chorus, The (Choristes, Les)',	17,	1),
                                                                                          (12,	1,	'Devil\'s Knot',	7,	1),
                                                                                          (13,	4,	'Kickboxer 2: The Road Back',	5,	1),
                                                                                          (14,	10,	'Congorama',	1,	1),
                                                                                          (15,	7,	'Silence of the Sea, The (Le silence de la mer)',	10,	1),
                                                                                          (16,	4,	'Gurren Lagann: The Lights in the Sky are Stars (Gekijô ban Tengen toppa guren ragan: Ragan hen)',	7,	1),
                                                                                          (17,	2,	'Dhoom',	16,	1),
                                                                                          (18,	4,	'Vassilisa the Beautiful (Vasilisa prekrasnaya)',	12,	1),
                                                                                          (19,	2,	'White House Down',	19,	1),
                                                                                          (20,	6,	'A.I. Artificial Intelligence',	18,	1),
                                                                                          (21,	3,	'Radio Rebel',	4,	1),
                                                                                          (22,	9,	'What\'s the Matter with Helen?',	9,	1),
                                                                                          (23,	10,	'Son of No One, The',	4,	1),
                                                                                          (24,	8,	'Goldengirl',	5,	1),
                                                                                          (25,	3,	'Treacle Jr.',	11,	1),
                                                                                          (26,	2,	'Sentinel, The',	19,	1),
                                                                                          (27,	5,	'Facing Ali',	18,	1),
                                                                                          (28,	4,	'Kestrel\'s Eye (Falkens öga)',	14,	1),
                                                                                          (29,	5,	'United States of Secrets (Part One): The Program',	8,	1),
                                                                                          (30,	6,	'Beast with Five Fingers, The',	16,	1),
                                                                                          (31,	5,	'Brick',	8,	1),
                                                                                          (32,	8,	'Tesla: Master of Lightning',	12,	1),
                                                                                          (33,	8,	'That Evening Sun',	12,	1),
                                                                                          (34,	1,	'Earth Days',	14,	1),
                                                                                          (35,	5,	'The Encounter',	15,	1),
                                                                                          (36,	1,	'Villain, The',	5,	1),
                                                                                          (37,	1,	'Tuck Everlasting',	10,	1),
                                                                                          (38,	1,	'Star Trek: The Motion Picture',	7,	1),
                                                                                          (39,	5,	'Cornered',	3,	1),
                                                                                          (40,	9,	'Trick or Treat',	15,	1),
                                                                                          (41,	9,	'Perez.',	4,	1),
                                                                                          (42,	2,	'Nightmare',	14,	1),
                                                                                          (43,	5,	'Dark of the Sun',	7,	1),
                                                                                          (44,	3,	'Jason Goes to Hell: The Final Friday',	11,	1),
                                                                                          (45,	3,	'Liz & Dick ',	4,	1),
                                                                                          (46,	8,	'Highlander: The Search for Vengeance',	15,	1),
                                                                                          (47,	2,	'Monica Z',	9,	1),
                                                                                          (48,	7,	'Letters from Iwo Jima',	1,	1),
                                                                                          (49,	5,	'Thin Line Between Love and Hate, A',	13,	1),
                                                                                          (50,	8,	'Face',	17,	1),
                                                                                          (51,	1,	'Three Stooges in Orbit, The',	18,	1),
                                                                                          (52,	1,	'Competition, The',	17,	1),
                                                                                          (53,	1,	'Dead Man Walking',	17,	1),
                                                                                          (54,	6,	'We Have a Pope (Habemus Papam)',	15,	1),
                                                                                          (55,	10,	'History Is Made at Night',	9,	1),
                                                                                          (56,	9,	'Imagine That',	9,	1),
                                                                                          (57,	1,	'Paris 36 (Faubourg 31)',	4,	1),
                                                                                          (58,	8,	'Foxes',	16,	1),
                                                                                          (59,	6,	'Cat Returns, The (Neko no ongaeshi)',	16,	1),
                                                                                          (60,	2,	'Lightspeed',	11,	1),
                                                                                          (61,	2,	'Children of the Corn',	8,	1),
                                                                                          (62,	10,	'Silja - nuorena nukkunut',	10,	1),
                                                                                          (63,	6,	'Englishman in New York, An',	2,	1),
                                                                                          (64,	2,	'Martin Lawrence Live: Runteldat',	5,	1),
                                                                                          (65,	8,	'Ruby Sparks',	3,	1),
                                                                                          (66,	8,	'Get on the Bus',	14,	1),
                                                                                          (67,	5,	'Invisible Waves',	20,	1),
                                                                                          (68,	10,	'Still Bill',	18,	1),
                                                                                          (69,	10,	'Queen Christina',	3,	1),
                                                                                          (70,	9,	'Arsène Lupin',	11,	1),
                                                                                          (71,	2,	'Laughing Woman, The (Frightened Woman, The) (Femina ridens)',	10,	1),
                                                                                          (72,	2,	'How to Murder Your Wife',	1,	1),
                                                                                          (73,	8,	'Supercop (Police Story 3: Supercop) (Jing cha gu shi III: Chao ji jing cha)',	16,	1),
                                                                                          (74,	3,	'Everything I Can See From Here',	14,	1),
                                                                                          (75,	6,	'Mildred Pierce',	11,	1),
                                                                                          (76,	7,	'Adam Resurrected',	11,	1),
                                                                                          (77,	6,	'Vanquished, The (I vinti)',	20,	1),
                                                                                          (78,	2,	'Upswing (Nousukausi)',	11,	1),
                                                                                          (79,	10,	'To the Shores of Tripoli',	12,	1),
                                                                                          (80,	6,	'Killer Bean 2: The Party',	20,	1),
                                                                                          (81,	2,	'Corrina, Corrina',	19,	1),
                                                                                          (82,	9,	'Happiness Is a Warm Blanket, Charlie Brown',	15,	1),
                                                                                          (83,	6,	'Hole, The',	8,	1),
                                                                                          (84,	2,	'Sins of My Father',	6,	1),
                                                                                          (85,	2,	'Mabel at the Wheel',	17,	1),
                                                                                          (86,	5,	'Tic Code, The',	17,	1),
                                                                                          (87,	2,	'Double Harness',	17,	1),
                                                                                          (88,	6,	'Heart Is a Lonely Hunter, The',	14,	1),
                                                                                          (89,	10,	'Kill Me Now',	15,	1),
                                                                                          (90,	9,	'Young at Heart (a.k.a. Young@Heart)',	16,	1),
                                                                                          (91,	10,	'Summer of \'04 (Sommer \'01)',	17,	1),
                                                                                          (92,	7,	'Two Men in Manhattan (Deux hommes dans Manhattan)',	7,	1),
                                                                                          (93,	2,	'Dr. T and the Women',	6,	1),
                                                                                          (94,	9,	'Diving Bell and the Butterfly, The (Scaphandre et le papillon, Le)',	18,	1),
                                                                                          (95,	2,	'Glass Menagerie, The',	15,	1),
                                                                                          (96,	2,	'Substitute, The (Vikaren)',	17,	1),
                                                                                          (97,	7,	'Listy do M.',	3,	1),
                                                                                          (98,	8,	'Bandit Queen',	1,	1),
                                                                                          (99,	5,	'Back in the Day',	4,	1),
                                                                                          (100,	10,	'Dresser, The',	17,	1),
                                                                                          (101,	6,	'Comic-Con Episode IV: A Fan\'s Hope',	13,	1),
                                                                                          (102,	2,	'Misérables, Les',	7,	1),
                                                                                          (103,	9,	'Mercy',	15,	1),
                                                                                          (104,	6,	'Sharpay\'s Fabulous Adventure',	18,	1),
                                                                                          (105,	5,	'Forbidden Games (Jeux interdits)',	5,	1),
                                                                                          (106,	7,	'Savage Messiah',	18,	1),
                                                                                          (107,	1,	'Sitcom',	2,	1),
                                                                                          (108,	7,	'Leave',	7,	1),
                                                                                          (109,	10,	'Lilian\'s Story',	20,	1),
                                                                                          (110,	10,	'Dragon Tiger Gate (Lung fu moon)',	18,	1),
                                                                                          (111,	9,	'Queen of Blood',	15,	1),
                                                                                          (112,	9,	'Raintree County',	11,	1),
                                                                                          (113,	5,	'In Dreams',	16,	1),
                                                                                          (114,	10,	'Mail Order Bride',	18,	1),
                                                                                          (115,	3,	'Hellsinki (Rööperi)',	7,	1),
                                                                                          (116,	7,	'Shaggy Dog, The',	13,	1),
                                                                                          (117,	4,	'Private Lessons',	3,	1),
                                                                                          (118,	1,	'Camouflage (Barwy ochronne)',	16,	1),
                                                                                          (119,	6,	'Actresses (Actrices)',	4,	1),
                                                                                          (120,	1,	'Sleepwalkers',	18,	1),
                                                                                          (121,	8,	'Men in the City (Männerherzen)',	11,	1),
                                                                                          (122,	4,	'Repeaters ',	7,	1),
                                                                                          (123,	6,	'The Lost Continent',	13,	1),
                                                                                          (124,	3,	'American Drug War: The Last White Hope',	20,	1),
                                                                                          (125,	4,	'Offspring ',	20,	1),
                                                                                          (126,	4,	'One False Move',	5,	1),
                                                                                          (127,	9,	'Three Outlaw Samurai (Sanbiki no samurai)',	9,	1),
                                                                                          (128,	1,	'In Vanda\'s Room (No Quarto da Vanda)',	17,	1),
                                                                                          (129,	1,	'Year of the Dragon',	8,	1),
                                                                                          (130,	7,	'Mental',	16,	1),
                                                                                          (131,	9,	'Look of Silence, The',	15,	1),
                                                                                          (132,	10,	'Wilde',	16,	1),
                                                                                          (133,	3,	'Mission: Impossible III',	16,	1),
                                                                                          (134,	7,	'Highlander III: The Sorcerer (a.k.a. Highlander: The Final Dimension)',	11,	1),
                                                                                          (135,	4,	'American Reunion (American Pie 1)',	19,	1),
                                                                                          (136,	6,	'Jonathan Rosenbaum, Present',	9,	1),
                                                                                          (137,	9,	'Karthik Calling Karthik',	4,	1),
                                                                                          (138,	7,	'Bone Man, The (Der Knochenmann)',	16,	1),
                                                                                          (139,	9,	'Dave Chappelle: For What it\'s Worth',	4,	1),
                                                                                          (140,	4,	'Forest Warrior',	4,	1),
                                                                                          (141,	10,	'Feast',	20,	1),
                                                                                          (142,	8,	'DNA',	19,	1),
                                                                                          (143,	3,	'Reincarnated',	7,	1),
                                                                                          (144,	2,	'Yes Men, The',	20,	1),
                                                                                          (145,	3,	'Aelita: The Queen of Mars (Aelita)',	12,	1),
                                                                                          (146,	4,	'These Three',	8,	1),
                                                                                          (147,	10,	'Confessions of a Teenage Drama Queen',	18,	1),
                                                                                          (148,	5,	'Iron Giant, The',	2,	1),
                                                                                          (149,	10,	'Steppenwolf',	13,	1),
                                                                                          (150,	10,	'Agatha Christie\'s \'Ten Little Indians\' (Ten Little Indians) (And Then There Were None)',	18,	1),
                                                                                          (151,	5,	'Beauty and the Beast (Beauty and the Beasts: A Dark Tale)',	9,	1),
                                                                                          (152,	6,	'Zachariah',	4,	1),
                                                                                          (153,	9,	'Kiss Before Dying, A',	20,	1),
                                                                                          (154,	3,	'EXPO: Magic of the White City',	19,	1),
                                                                                          (155,	7,	'Art & Copy',	8,	1),
                                                                                          (156,	7,	'Song of the Sea',	3,	1),
                                                                                          (157,	3,	'Selena',	16,	1),
                                                                                          (158,	5,	'Fade To Black',	18,	1),
                                                                                          (159,	7,	'Brother (Hermano)',	7,	1),
                                                                                          (160,	7,	'Pilgrimage',	15,	1),
                                                                                          (161,	2,	'Temptation (Tentação)',	12,	1),
                                                                                          (162,	6,	'Never Met Picasso',	13,	1),
                                                                                          (163,	7,	'Mississippi Mermaid (Sirène du Mississipi, La)',	2,	1),
                                                                                          (164,	9,	'Graffiti Bridge',	1,	1),
                                                                                          (165,	10,	'Road Hard',	17,	1),
                                                                                          (166,	7,	'Far from Heaven',	17,	1),
                                                                                          (167,	4,	'Fear Over the City',	7,	1),
                                                                                          (168,	1,	'Buffalo \'66 (a.k.a. Buffalo 61)',	19,	1),
                                                                                          (169,	9,	'Answer Man, The (a.k.a. Arlen Faber)',	18,	1),
                                                                                          (170,	5,	'Running from Crazy',	11,	1),
                                                                                          (171,	3,	'Rounders',	15,	1),
                                                                                          (172,	2,	'Daens',	7,	1),
                                                                                          (173,	9,	'Oki\'s Movie (Ok-hui-ui yeonghwa)',	18,	1),
                                                                                          (174,	8,	'Living Out Loud',	7,	1),
                                                                                          (175,	7,	'Undefeatable',	19,	1),
                                                                                          (176,	9,	'Slam Dance',	16,	1),
                                                                                          (177,	6,	'Innocents, The',	2,	1),
                                                                                          (178,	10,	'Night Walker, The',	19,	1),
                                                                                          (179,	6,	'Zack and Miri Make a Porno',	17,	1),
                                                                                          (180,	3,	'Metal: A Headbanger\'s Journey',	7,	1),
                                                                                          (181,	10,	'Chaos Theory',	12,	1),
                                                                                          (182,	5,	'Children of the Secret State',	17,	1),
                                                                                          (183,	10,	'Made in Britain',	1,	1),
                                                                                          (184,	7,	'41-Year-Old Virgin Who Knocked Up Sarah Marshall and Felt Superbad About It, The',	15,	1),
                                                                                          (185,	7,	'Atlantis, the Lost Continent',	3,	1),
                                                                                          (186,	2,	'Rabbit Without Ears (Keinohrhasen)',	4,	1),
                                                                                          (187,	5,	'Open Season 3',	15,	1),
                                                                                          (188,	7,	'Sweet Land',	1,	1),
                                                                                          (189,	2,	'6 Desires: DH Lawrence and Sardinia',	14,	1),
                                                                                          (190,	2,	'One Night at McCool\'s',	15,	1),
                                                                                          (191,	2,	'Horror of the Zombies',	15,	1),
                                                                                          (192,	2,	'Rififi (Du rififi chez les hommes)',	5,	1),
                                                                                          (193,	6,	'Beauty Shop',	16,	1),
                                                                                          (194,	3,	'Way Down East',	6,	1),
                                                                                          (195,	5,	'New Fist of Fury (Xin jing wu men)',	11,	1),
                                                                                          (196,	7,	'Next of Kin',	20,	1),
                                                                                          (197,	1,	'Colorado Avenue',	2,	1),
                                                                                          (198,	1,	'Unbelievable Truth, The',	4,	1),
                                                                                          (199,	5,	'Big Deal on Madonna Street (I Soliti Ignoti)',	12,	1),
                                                                                          (200,	8,	'Coast Guard, The (Hae anseon)',	3,	1);

DROP TABLE IF EXISTS `reservations`;
CREATE TABLE `reservations` (
                                `user_id` int(10) NOT NULL,
                                `book_id` int(10) NOT NULL,
                                KEY `user_id` (`user_id`),
                                KEY `book_id` (`book_id`),
                                CONSTRAINT `reservations_ibfk_1` FOREIGN KEY (`user_id`) REFERENCES `users` (`user_id`),
                                CONSTRAINT `reservations_ibfk_2` FOREIGN KEY (`book_id`) REFERENCES `books` (`book_id`)
) ENGINE=InnoDB DEFAULT CHARSET=latin1;

INSERT INTO `reservations` (`user_id`, `book_id`) VALUES
                                                      (13,	2),
                                                      (14,	1),
                                                      (7,	3);

DROP TABLE IF EXISTS `topics`;
CREATE TABLE `topics` (
                          `topic_id` int(10) NOT NULL AUTO_INCREMENT,
                          `topic_name` varchar(200) NOT NULL,
                          PRIMARY KEY (`topic_id`)
) ENGINE=InnoDB AUTO_INCREMENT=12 DEFAULT CHARSET=latin1;

INSERT INTO `topics` (`topic_id`, `topic_name`) VALUES
                                                    (1,	'Fantasy'),
                                                    (2,	'Drama'),
                                                    (3,	'Romance'),
                                                    (4,	'Comedy'),
                                                    (5,	'Action'),
                                                    (6,	'Mystery'),
                                                    (7,	'Documentary'),
                                                    (8,	'Thriller'),
                                                    (9,	'Comedy'),
                                                    (10,	'Horror'),
                                                    (11,	'Crime');

DROP TABLE IF EXISTS `users`;
CREATE TABLE `users` (
                         `user_id` int(10) NOT NULL AUTO_INCREMENT,
                         `fname` varchar(50) NOT NULL,
                         `lname` varchar(50) NOT NULL,
                         `username` varchar(50) NOT NULL,
                         `password` varchar(50) NOT NULL,
                         PRIMARY KEY (`user_id`)
) ENGINE=InnoDB AUTO_INCREMENT=15 DEFAULT CHARSET=latin1;

INSERT INTO `users` (`user_id`, `fname`, `lname`, `username`, `password`) VALUES
                                                                              (7,	'admin',	'account',	'admin',	'123456'),
                                                                              (13,	'User',	'First',	'user1',	'123456'),
                                                                              (14,	'User',	'Two',	'user2',	'123456');

-- 2024-05-01 20:17:27